style,year,co_style,co_count,sample_size
Disco,1970,Funk / Soul,42,50
Disco,1970,Electronic,11,50
Disco,1970,Pop,30,50
Disco,1970,Rock,6,50
Disco,1970,Stage & Screen,2,50
Disco,1970,Soul,18,50
Disco,1970,Funk,7,50
Disco,1970,Dancehall,1,50
Disco,1970,Reggae,1,50
Disco,1970,Blues,1,50
Disco,1970,"Folk, World, & Country",2,50
Disco,1970,Gospel,1,50
Disco,1970,Chanson,4,50
Disco,1970,Vocal,1,50
Disco,1970,Calypso,1,50
Disco,1970,African,1,50
Disco,1971,Funk / Soul,26,50
Disco,1971,Pop,16,50
Disco,1971,Electronic,21,50
Disco,1971,Latin,6,50
Disco,1971,Rock,4,50
Disco,1971,Soul,9,50
Disco,1971,"Folk, World, & Country",3,50
Disco,1972,Latin,5,50
Disco,1972,Funk / Soul,40,50
Disco,1972,Pop,15,50
Disco,1972,Electronic,14,50
Disco,1972,Stage & Screen,1,50
Disco,1972,Rock,2,50
Disco,1972,"Folk, World, & Country",1,50
Disco,1973,Funk / Soul,46,50
Disco,1973,Electronic,11,50
Disco,1973,Pop,7,50
Disco,1973,Latin,1,50
Disco,1973,Rock,2,50
Disco,1973,Blues,2,50
Disco,1974,Funk / Soul,43,50
Disco,1974,Pop,10,50
Disco,1974,Jazz,2,50
Disco,1974,Latin,1,50
Disco,1974,Electronic,6,50
Disco,1974,Rock,1,50
Disco,1974,Blues,1,50
Disco,1975,Funk / Soul,43,50
Disco,1975,Pop,8,50
Disco,1975,Electronic,8,50
Disco,1975,Latin,2,50
Disco,1975,Rock,1,50
Disco,1975,Jazz,1,50
Disco,1976,Electronic,12,50
Disco,1976,Funk / Soul,39,50
Disco,1976,Pop,5,50
Disco,1977,Electronic,20,50
Disco,1977,Funk / Soul,34,50
Disco,1977,Pop,4,50
Disco,1977,Jazz,1,50
Disco,1978,Funk / Soul,36,50
Disco,1978,Electronic,19,50
Disco,1978,Pop,5,50
Disco,1978,Latin,1,50
Disco,1979,Funk / Soul,39,50
Disco,1979,Pop,8,50
Disco,1979,Electronic,20,50
Disco,1979,Reggae,1,50
Disco,1979,Rock,1,50
Disco,1980,Electronic,22,50
Disco,1980,Funk / Soul,33,50
Disco,1980,Pop,5,50
Disco,1980,"Folk, World, & Country",1,50
Disco,1980,Hip Hop,2,50
Disco,1981,Electronic,26,50
Disco,1981,Funk / Soul,31,50
Disco,1981,Pop,3,50
Disco,1981,Hip Hop,1,50
Disco,1981,Reggae,1,50
Disco,1982,Electronic,33,50
Disco,1982,Funk / Soul,29,50
Disco,1982,Pop,4,50
Disco,1982,Hip Hop,2,50
Disco,1982,Reggae,1,50
Disco,1983,Funk / Soul,30,50
Disco,1983,Pop,8,50
Disco,1983,Stage & Screen,1,50
Disco,1983,Electronic,31,50
Disco,1983,Jazz,1,50
Disco,1983,Reggae,1,50
Disco,1984,Electronic,35,50
Disco,1984,Funk / Soul,26,50
Disco,1984,"Folk, World, & Country",1,50
Disco,1984,Pop,3,50
Disco,1984,Latin,1,50
Disco,1985,Electronic,36,50
Disco,1985,Funk / Soul,27,50
Disco,1985,Pop,6,50
Disco,1985,Children's,1,50
Disco,1985,Stage & Screen,1,50
Disco,1986,Funk / Soul,16,50
Disco,1986,Electronic,42,50
Disco,1986,Classical,1,50
Disco,1986,Pop,4,50
Disco,1987,Funk / Soul,21,50
Disco,1987,Electronic,37,50
Disco,1987,Pop,11,50
Disco,1988,Electronic,38,50
Disco,1988,Funk / Soul,19,50
Disco,1988,Pop,11,50
Disco,1988,Children's,1,50
Disco,1988,Latin,1,50
Disco,1988,Rock,1,50
Disco,1989,Electronic,28,50
Disco,1989,Funk / Soul,29,50
Disco,1989,Pop,10,50
Disco,1989,Rock,2,50
Disco,1989,Latin,1,50
Disco,1989,"Folk, World, & Country",1,50
Disco,1989,Hip Hop,1,50
Disco,1990,Electronic,36,50
Disco,1990,Funk / Soul,20,50
Disco,1990,Stage & Screen,1,50
Disco,1990,Pop,10,50
Disco,1990,Children's,1,50
Disco,1990,Rock,3,50
Italo-Disco,1974,Disco,1,2
Italo-Disco,1974,Electronic,2,2
Italo-Disco,1974,Pop,1,2
Italo-Disco,1974,"Folk, World, & Country",1,2
Italo-Disco,1974,Prog Rock,1,2
Italo-Disco,1974,Rock,1,2
Italo-Disco,1975,Disco,1,1
Italo-Disco,1975,Balearic,1,1
Italo-Disco,1975,Electronic,1,1
Italo-Disco,1977,Electronic,2,2
Italo-Disco,1977,Funk / Soul,1,2
Italo-Disco,1977,Pop,2,2
Italo-Disco,1978,Electronic,1,2
Italo-Disco,1978,Soft Rock,1,2
Italo-Disco,1978,Pop Rock,1,2
Italo-Disco,1978,Synth-pop,1,2
Italo-Disco,1978,Disco,1,2
Italo-Disco,1978,Funk,1,2
Italo-Disco,1978,Rock,1,2
Italo-Disco,1978,Pop,1,2
Italo-Disco,1979,Electronic,14,15
Italo-Disco,1979,Pop,2,15
Italo-Disco,1979,Children's,1,15
Italo-Disco,1979,"Folk, World, & Country",1,15
Italo-Disco,1979,Disco,10,15
Italo-Disco,1979,Funk / Soul,6,15
Italo-Disco,1979,Boogie,1,15
Italo-Disco,1979,Electro,1,15
Italo-Disco,1979,Hi NRG,1,15
Italo-Disco,1979,Classic Rock,1,15
Italo-Disco,1979,Rock,3,15
Italo-Disco,1979,Space Rock,1,15
Italo-Disco,1979,Schlager,1,15
Italo-Disco,1979,Pop Rock,1,15
Italo-Disco,1979,Ballad,1,15
Italo-Disco,1979,Chanson,1,15
Italo-Disco,1979,Europop,1,15
Italo-Disco,1979,Vocal,1,15
Italo-Disco,1980,Electronic,48,50
Italo-Disco,1980,Funk / Soul,7,50
Italo-Disco,1980,Pop,11,50
Italo-Disco,1980,Children's,1,50
Italo-Disco,1980,"Folk, World, & Country",1,50
Italo-Disco,1980,Jazz,1,50
Italo-Disco,1981,Electronic,50,50
Italo-Disco,1981,Funk / Soul,6,50
Italo-Disco,1981,Rock,3,50
Italo-Disco,1981,Pop,10,50
Italo-Disco,1982,Electronic,48,50
Italo-Disco,1982,Funk / Soul,2,50
Italo-Disco,1982,Pop,5,50
Italo-Disco,1983,Electronic,50,50
Italo-Disco,1983,Pop,1,50
Italo-Disco,1984,Electronic,50,50
Italo-Disco,1984,Stage & Screen,1,50
Italo-Disco,1984,Funk / Soul,2,50
Italo-Disco,1985,Electronic,50,50
Italo-Disco,1985,Pop,2,50
Italo-Disco,1986,Electronic,50,50
Italo-Disco,1986,Pop,5,50
Italo-Disco,1986,Funk / Soul,1,50
Italo-Disco,1987,Electronic,50,50
Italo-Disco,1987,Funk / Soul,1,50
Italo-Disco,1988,Electronic,50,50
Italo-Disco,1988,Pop,7,50
Italo-Disco,1988,Latin,1,50
Italo-Disco,1988,Funk / Soul,1,50
Italo-Disco,1989,Electronic,50,50
Italo-Disco,1989,Funk / Soul,2,50
Italo-Disco,1989,Rock,1,50
Italo-Disco,1989,Pop,5,50
Italo-Disco,1989,"Folk, World, & Country",1,50
Italo-Disco,1990,Electronic,49,50
Italo-Disco,1990,Pop,9,50
Italo-Disco,1990,Jazz,1,50
Italo-Disco,1990,Funk / Soul,1,50
Italo-Disco,1990,Stage & Screen,1,50
Hi NRG,1975,Disco,2,2
Hi NRG,1975,Electronic,2,2
Hi NRG,1975,Funk / Soul,2,2
Hi NRG,1977,Disco,4,4
Hi NRG,1977,Electronic,4,4
Hi NRG,1977,Funk / Soul,1,4
Hi NRG,1977,Electro,2,4
Hi NRG,1978,Disco,32,32
Hi NRG,1978,Electronic,28,32
Hi NRG,1978,Funk / Soul,17,32
Hi NRG,1978,Soul,5,32
Hi NRG,1978,Funk,2,32
Hi NRG,1978,Boogie,2,32
Hi NRG,1978,Rock & Roll,2,32
Hi NRG,1978,Rock,2,32
Hi NRG,1978,Dance-pop,1,32
Hi NRG,1978,Euro-Disco,1,32
Hi NRG,1978,Europop,1,32
Hi NRG,1978,Synth-pop,1,32
Hi NRG,1978,Pop,1,32
Hi NRG,1979,Electronic,50,50
Hi NRG,1979,Disco,49,50
Hi NRG,1979,Funk / Soul,22,50
Hi NRG,1979,Pop,2,50
Hi NRG,1980,Electronic,50,50
Hi NRG,1980,Disco,46,50
Hi NRG,1980,Funk / Soul,16,50
Hi NRG,1980,Chanson,1,50
Hi NRG,1980,Pop,10,50
Hi NRG,1980,Parody,1,50
Hi NRG,1980,Europop,1,50
Hi NRG,1980,Funk,1,50
Hi NRG,1980,Ballad,2,50
Hi NRG,1981,Electronic,50,50
Hi NRG,1981,Rock,3,50
Hi NRG,1981,Funk / Soul,5,50
Hi NRG,1981,Disco,37,50
Hi NRG,1981,Pop,2,50
Hi NRG,1982,Electronic,50,50
Hi NRG,1982,Pop,3,50
Hi NRG,1983,Electronic,50,50
Hi NRG,1983,Funk / Soul,4,50
Hi NRG,1983,Pop,6,50
Hi NRG,1983,Stage & Screen,1,50
Hi NRG,1983,Rock,1,50
Hi NRG,1984,Electronic,50,50
Hi NRG,1984,Pop,2,50
Hi NRG,1984,Funk / Soul,3,50
Hi NRG,1985,Pop,5,50
Hi NRG,1985,Electronic,48,50
Hi NRG,1985,Rock,2,50
Hi NRG,1986,Electronic,50,50
Hi NRG,1986,Pop,2,50
Hi NRG,1987,Electronic,50,50
Hi NRG,1987,Pop,4,50
Hi NRG,1987,Rock,1,50
Hi NRG,1988,Electronic,50,50
Hi NRG,1988,Pop,8,50
Hi NRG,1988,Funk / Soul,4,50
Hi NRG,1989,Electronic,50,50
Hi NRG,1989,Funk / Soul,5,50
Hi NRG,1989,Pop,10,50
Hi NRG,1989,Jazz,1,50
Hi NRG,1990,Electronic,50,50
Hi NRG,1990,Hip Hop,2,50
Hi NRG,1990,Pop,5,50
Hi NRG,1990,Rock,1,50
Euro-Disco,1974,Europop,1,1
Euro-Disco,1974,Easy Listening,1,1
Euro-Disco,1974,Latin,1,1
Euro-Disco,1974,Funk / Soul,1,1
Euro-Disco,1974,Pop,1,1
Euro-Disco,1975,Disco,1,4
Euro-Disco,1975,Electronic,1,4
Euro-Disco,1975,Latin,1,4
Euro-Disco,1975,Funk / Soul,1,4
Euro-Disco,1975,Europop,3,4
Euro-Disco,1975,Pop,3,4
Euro-Disco,1976,Disco,10,17
Euro-Disco,1976,Electronic,16,17
Euro-Disco,1976,Rock,6,17
Euro-Disco,1976,Pop,11,17
Euro-Disco,1976,Funk / Soul,10,17
Euro-Disco,1976,Soul,2,17
Euro-Disco,1976,Pop Rock,5,17
Euro-Disco,1976,Chanson,1,17
Euro-Disco,1976,Ballad,1,17
Euro-Disco,1976,Country,2,17
Euro-Disco,1976,"Folk, World, & Country",2,17
Euro-Disco,1976,Europop,2,17
Euro-Disco,1976,Reggae,1,17
Euro-Disco,1977,Disco,24,50
Euro-Disco,1977,Electronic,35,50
Euro-Disco,1977,Funk / Soul,19,50
Euro-Disco,1977,Pop,25,50
Euro-Disco,1977,Electro,3,50
Euro-Disco,1977,Europop,9,50
Euro-Disco,1977,Folk,1,50
Euro-Disco,1977,"Folk, World, & Country",1,50
Euro-Disco,1977,Funk,1,50
Euro-Disco,1977,Italodance,1,50
Euro-Disco,1978,Disco,39,50
Euro-Disco,1978,Electronic,32,50
Euro-Disco,1978,Funk / Soul,37,50
Euro-Disco,1978,Pop,19,50
Euro-Disco,1978,Latin,1,50
Euro-Disco,1978,Rock,4,50
Euro-Disco,1978,Stage & Screen,1,50
Euro-Disco,1978,Europop,3,50
Euro-Disco,1979,Disco,34,50
Euro-Disco,1979,Pop,25,50
Euro-Disco,1979,Electronic,38,50
Euro-Disco,1979,Funk / Soul,21,50
Euro-Disco,1979,Latin,4,50
Euro-Disco,1979,Rock,1,50
Euro-Disco,1979,Funk,4,50
Euro-Disco,1979,Europop,9,50
Euro-Disco,1979,Ballad,1,50
Euro-Disco,1979,Mandopop,1,50
Euro-Disco,1980,Disco,16,50
Euro-Disco,1980,Electronic,46,50
Euro-Disco,1980,Funk / Soul,15,50
Euro-Disco,1980,Rock,2,50
Euro-Disco,1980,Pop,27,50
Euro-Disco,1980,Hip Hop,1,50
Euro-Disco,1980,Latin,2,50
Euro-Disco,1980,Funk,2,50
Euro-Disco,1980,Europop,19,50
Euro-Disco,1980,Abstract,1,50
Euro-Disco,1980,Ballad,1,50
Euro-Disco,1980,Punk,1,50
Euro-Disco,1980,Vocal,1,50
Euro-Disco,1981,Disco,26,50
Euro-Disco,1981,Electronic,44,50
Euro-Disco,1981,Pop,29,50
Euro-Disco,1981,Funk / Soul,18,50
Euro-Disco,1981,Europop,17,50
Euro-Disco,1981,Glam,2,50
Euro-Disco,1981,Rock,3,50
Euro-Disco,1981,Ballad,1,50
Euro-Disco,1981,Non-Music,1,50
Euro-Disco,1981,Schlager,1,50
Euro-Disco,1981,Folk,3,50
Euro-Disco,1981,"Folk, World, & Country",3,50
Euro-Disco,1982,Electronic,49,50
Euro-Disco,1982,Pop,29,50
Euro-Disco,1982,Disco,10,50
Euro-Disco,1982,Funk / Soul,9,50
Euro-Disco,1982,Europop,7,50
Euro-Disco,1982,Italo-Disco,3,50
Euro-Disco,1982,Novelty,1,50
Euro-Disco,1982,Vocal,1,50
Euro-Disco,1982,Chanson,2,50
Euro-Disco,1982,Theme,1,50
Euro-Disco,1982,Stage & Screen,1,50
Euro-Disco,1982,Synth-pop,12,50
Euro-Disco,1982,Hi NRG,1,50
Euro-Disco,1983,Disco,4,50
Euro-Disco,1983,Electronic,50,50
Euro-Disco,1983,Pop,7,50
Euro-Disco,1983,Funk / Soul,1,50
Euro-Disco,1984,Disco,3,50
Euro-Disco,1984,Electronic,50,50
Euro-Disco,1984,Pop,5,50
Euro-Disco,1984,Funk / Soul,2,50
Euro-Disco,1985,Disco,3,50
Euro-Disco,1985,Electronic,49,50
Euro-Disco,1985,Pop,3,50
Euro-Disco,1985,Funk / Soul,1,50
Euro-Disco,1986,Electronic,49,50
Euro-Disco,1986,Pop,5,50
Euro-Disco,1987,Electronic,49,50
Euro-Disco,1987,Funk / Soul,1,50
Euro-Disco,1987,Pop,8,50
Euro-Disco,1988,Electronic,50,50
Euro-Disco,1988,Pop,10,50
Euro-Disco,1988,Funk / Soul,1,50
Euro-Disco,1988,Disco,2,50
Euro-Disco,1989,Electronic,50,50
Euro-Disco,1989,Pop,16,50
Euro-Disco,1989,Disco,3,50
Euro-Disco,1989,Non-Music,1,50
Euro-Disco,1990,Electronic,48,50
Euro-Disco,1990,Rock,2,50
Euro-Disco,1990,Pop,26,50
Euro-Disco,1990,Disco,1,50
Boogie,1970,Boogie Woogie,17,21
Boogie,1970,Jazz,6,21
Boogie,1970,Blues,17,21
Boogie,1970,Pop,3,21
Boogie,1970,Disco,1,21
Boogie,1970,Funk / Soul,9,21
Boogie,1970,Ragtime,2,21
Boogie,1970,Country,1,21
Boogie,1970,"Folk, World, & Country",3,21
Boogie,1970,Blues Rock,5,21
Boogie,1970,Rock,11,21
Boogie,1970,Rhythm & Blues,4,21
Boogie,1970,Psychedelic Rock,1,21
Boogie,1970,Classic Rock,2,21
Boogie,1970,Piano Blues,3,21
Boogie,1970,Chicago Blues,1,21
Boogie,1970,Harmonica Blues,3,21
Boogie,1970,Louisiana Blues,2,21
Boogie,1970,Folk,2,21
Boogie,1970,Jazz-Rock,1,21
Boogie,1970,Folk Rock,2,21
Boogie,1970,Acoustic,2,21
Boogie,1970,Ballad,1,21
Boogie,1970,Fusion,1,21
Boogie,1970,Jazz-Funk,1,21
Boogie,1970,Soul-Jazz,2,21
Boogie,1970,Afro-Cuban,1,21
Boogie,1970,Funk,1,21
Boogie,1970,Latin,1,21
Boogie,1970,Soft Rock,1,21
Boogie,1970,Rock & Roll,1,21
Boogie,1970,Soul,1,21
Boogie,1970,Country Rock,1,21
Boogie,1970,Electric Blues,1,21
Boogie,1970,Country Blues,1,21
Boogie,1970,Delta Blues,1,21
Boogie,1970,Jump Blues,1,21
Boogie,1970,Memphis Blues,1,21
Boogie,1970,Piedmont Blues,1,21
Boogie,1970,Modern Electric Blues,1,21
Boogie,1971,Boogie Woogie,36,42
Boogie,1971,Rock,11,42
Boogie,1971,Blues,35,42
Boogie,1971,Pop,6,42
Boogie,1971,Jazz,12,42
Boogie,1971,Vocal,1,42
Boogie,1971,Funk / Soul,9,42
Boogie,1971,Folk,5,42
Boogie,1971,"Folk, World, & Country",10,42
Boogie,1971,Big Band,3,42
Boogie,1971,Psychedelic,1,42
Boogie,1971,Kayōkyoku,2,42
Boogie,1971,Piano Blues,8,42
Boogie,1971,Ragtime,1,42
Boogie,1971,Dixieland,1,42
Boogie,1971,Rhythm & Blues,12,42
Boogie,1971,Jazz-Rock,1,42
Boogie,1971,Harmonica Blues,1,42
Boogie,1971,Blues Rock,4,42
Boogie,1971,Beat,1,42
Boogie,1971,Rock & Roll,3,42
Boogie,1971,Chicago Blues,5,42
Boogie,1971,Non-Music,1,42
Boogie,1971,Easy Listening,1,42
Boogie,1971,Twist,1,42
Boogie,1971,Latin,2,42
Boogie,1971,Funk,1,42
Boogie,1971,Soul,3,42
Boogie,1971,Chanson,1,42
Boogie,1971,Enka,1,42
Boogie,1971,Tango,1,42
Boogie,1971,Country Rock,2,42
Boogie,1971,Southern Rock,2,42
Boogie,1971,Jump Blues,3,42
Boogie,1971,Honky Tonk,2,42
Boogie,1971,Hard Rock,2,42
Boogie,1971,Classic Rock,1,42
Boogie,1971,Folk Rock,1,42
Boogie,1971,Psychedelic Rock,1,42
Boogie,1971,Electric Blues,2,42
Boogie,1971,Country Blues,2,42
Boogie,1971,Swing,1,42
Boogie,1971,Memphis Blues,1,42
Boogie,1971,Bubblegum,1,42
Boogie,1971,Samba,1,42
Boogie,1971,Glam,1,42
Boogie,1971,Heavy Metal,1,42
Boogie,1971,Acid Rock,1,42
Boogie,1971,Delta Blues,1,42
Boogie,1971,Louisiana Blues,1,42
Boogie,1971,Texas Blues,1,42
Boogie,1972,Funk / Soul,8,50
Boogie,1972,Boogie Woogie,42,50
Boogie,1972,Blues,40,50
Boogie,1972,Jazz,15,50
Boogie,1972,Children's,3,50
Boogie,1972,Funk,3,50
Boogie,1972,Rock,25,50
Boogie,1972,Folk,2,50
Boogie,1972,"Folk, World, & Country",3,50
Boogie,1972,Ryūkōka,1,50
Boogie,1972,Pop,3,50
Boogie,1972,Disco,1,50
Boogie,1972,Vocal,1,50
Boogie,1972,Gospel,1,50
Boogie,1972,Ragtime,2,50
Boogie,1972,Big Band,2,50
Boogie,1972,Blues Rock,19,50
Boogie,1972,Piano Blues,10,50
Boogie,1972,Rock & Roll,7,50
Boogie,1972,Psychedelic,2,50
Boogie,1972,Nursery Rhymes,1,50
Boogie,1972,Kayōkyoku,1,50
Boogie,1972,Beat,1,50
Boogie,1972,Rhythm & Blues,1,50
Boogie,1972,Soul,1,50
Boogie,1972,Bossa Nova,1,50
Boogie,1972,Bop,1,50
Boogie,1972,Swing,1,50
Boogie,1972,Electric Blues,11,50
Boogie,1972,Classic Rock,1,50
Boogie,1972,Country Rock,1,50
Boogie,1973,Rock,20,50
Boogie,1973,Funk / Soul,17,50
Boogie,1973,Pop,13,50
Boogie,1973,Stage & Screen,3,50
Boogie,1973,Boogie Woogie,35,50
Boogie,1973,Blues,33,50
Boogie,1973,Funk,6,50
Boogie,1973,Jazz,21,50
Boogie,1973,Psychedelic,1,50
Boogie,1973,Gospel,2,50
Boogie,1973,Soul,3,50
Boogie,1973,Dixieland,1,50
Boogie,1973,Novelty,2,50
Boogie,1973,Holiday,2,50
Boogie,1973,Piano Blues,7,50
Boogie,1973,Rock & Roll,4,50
Boogie,1973,Rhythm & Blues,4,50
Boogie,1973,Europop,1,50
Boogie,1973,Skiffle,1,50
Boogie,1973,Big Band,2,50
Boogie,1973,Pop Rock,1,50
Boogie,1973,Soft Rock,1,50
Boogie,1973,Blues Rock,3,50
Boogie,1973,Country Blues,3,50
Boogie,1973,Electric Blues,1,50
Boogie,1973,Louisiana Blues,1,50
Boogie,1973,Classic Rock,1,50
Boogie,1973,Public Broadcast,1,50
Boogie,1973,Rockabilly,1,50
Boogie,1973,Country,2,50
Boogie,1973,"Folk, World, & Country",3,50
Boogie,1973,Bop,1,50
Boogie,1973,Classical,1,50
Boogie,1973,Acoustic,1,50
Boogie,1973,Appalachian Music,1,50
Boogie,1973,Bossa Nova,1,50
Boogie,1973,Latin Jazz,1,50
Boogie,1973,Latin,2,50
Boogie,1973,Chanson,1,50
Boogie,1973,Schlager,2,50
Boogie,1973,Comedy,1,50
Boogie,1973,Non-Music,1,50
Boogie,1973,Free Funk,1,50
Boogie,1973,Free Jazz,1,50
Boogie,1973,Jazz-Funk,1,50
Boogie,1973,Beat,1,50
Boogie,1973,Tango,1,50
Boogie,1973,Mambo,1,50
Boogie,1973,Cha-Cha,1,50
Boogie,1973,Samba,1,50
Boogie,1973,Jump Blues,1,50
Boogie,1973,Country Rock,1,50
Boogie,1973,Western Swing,1,50
Boogie,1974,Funk / Soul,23,50
Boogie,1974,Boogie Woogie,26,50
Boogie,1974,Jazz,12,50
Boogie,1974,Blues,25,50
Boogie,1974,Disco,8,50
Boogie,1974,Rock,8,50
Boogie,1974,Glam,1,50
Boogie,1974,Stage & Screen,2,50
Boogie,1974,Electronic,2,50
Boogie,1974,Funk,13,50
Boogie,1974,Soul,8,50
Boogie,1974,Pop,4,50
Boogie,1974,Latin,2,50
Boogie,1974,Rhythm & Blues,4,50
Boogie,1974,Folk Rock,1,50
Boogie,1974,Novelty,1,50
Boogie,1974,Sport,1,50
Boogie,1974,Piano Blues,6,50
Boogie,1974,Ballad,1,50
Boogie,1974,Cha-Cha,1,50
Boogie,1974,Kayōkyoku,1,50
Boogie,1974,Big Band,1,50
Boogie,1974,Rock & Roll,1,50
Boogie,1974,Bop,1,50
Boogie,1974,Swing,2,50
Boogie,1974,Country,1,50
Boogie,1974,Vocal,1,50
Boogie,1974,Chanson,1,50
Boogie,1974,"Folk, World, & Country",1,50
Boogie,1975,Funk / Soul,21,50
Boogie,1975,Rock,5,50
Boogie,1975,Dixieland,1,50
Boogie,1975,Boogie Woogie,30,50
Boogie,1975,Jazz,11,50
Boogie,1975,Blues,29,50
Boogie,1975,Pop,5,50
Boogie,1975,"Folk, World, & Country",2,50
Boogie,1975,Disco,14,50
Boogie,1975,Latin,3,50
Boogie,1975,Ragtime,1,50
Boogie,1975,Soul,6,50
Boogie,1975,Funk,7,50
Boogie,1975,Rock & Roll,1,50
Boogie,1975,Samba,1,50
Boogie,1975,Instrumental,2,50
Boogie,1975,Swing,1,50
Boogie,1975,Chanson,1,50
Boogie,1975,Piano Blues,11,50
Boogie,1975,Rhythm & Blues,1,50
Boogie,1975,Chicago Blues,1,50
Boogie,1975,Blues Rock,1,50
Boogie,1975,Bayou Funk,1,50
Boogie,1976,Funk / Soul,38,50
Boogie,1976,Latin,2,50
Boogie,1976,Disco,27,50
Boogie,1976,Swing,1,50
Boogie,1976,Jazz,6,50
Boogie,1976,Pop,9,50
Boogie,1976,Rock,2,50
Boogie,1976,Boogie Woogie,11,50
Boogie,1976,Blues,11,50
Boogie,1976,Funk,6,50
Boogie,1976,Soul,1,50
Boogie,1976,Electronic,2,50
Boogie,1977,Funk / Soul,41,50
Boogie,1977,Latin,4,50
Boogie,1977,Rock,4,50
Boogie,1977,Electronic,4,50
Boogie,1977,Pop,14,50
Boogie,1977,Disco,24,50
Boogie,1977,Boogie Woogie,9,50
Boogie,1977,Blues,8,50
Boogie,1977,Jazz,1,50
Boogie,1977,MPB,2,50
Boogie,1977,"Folk, World, & Country",2,50
Boogie,1977,Soul,2,50
Boogie,1977,Funk,7,50
Boogie,1977,Stage & Screen,1,50
Boogie,1978,Funk / Soul,44,50
Boogie,1978,Rock,5,50
Boogie,1978,Jazz,6,50
Boogie,1978,Latin,5,50
Boogie,1978,Boogie Woogie,5,50
Boogie,1978,Blues,5,50
Boogie,1978,"Folk, World, & Country",2,50
Boogie,1978,Disco,29,50
Boogie,1978,Marimba,1,50
Boogie,1978,Pop,11,50
Boogie,1978,Children's,1,50
Boogie,1978,Electronic,1,50
Boogie,1978,Bluegrass,1,50
Boogie,1978,Soul,2,50
Boogie,1978,Funk,1,50
Boogie,1978,Stage & Screen,1,50
Boogie,1978,MPB,1,50
Boogie,1979,Funk / Soul,46,50
Boogie,1979,Hip Hop,4,50
Boogie,1979,Latin,2,50
Boogie,1979,Pop,7,50
Boogie,1979,Disco,25,50
Boogie,1979,Funk,6,50
Boogie,1979,Electronic,8,50
Boogie,1979,African,1,50
Boogie,1979,"Folk, World, & Country",1,50
Boogie,1979,Rock,3,50
Boogie,1979,Boogie Woogie,4,50
Boogie,1979,Jazz,1,50
Boogie,1979,Blues,4,50
Boogie,1979,Non-Music,1,50
Boogie,1979,Ballad,1,50
Boogie,1980,Funk / Soul,50,50
Boogie,1980,Reggae,1,50
Boogie,1980,Rock,1,50
Boogie,1980,Hip Hop,2,50
Boogie,1980,Latin,1,50
Boogie,1980,Blues,1,50
Boogie,1980,Soul,1,50
Boogie,1980,Disco,11,50
Boogie,1980,Electronic,5,50
Boogie,1980,African,1,50
Boogie,1980,Children's,1,50
Boogie,1980,"Folk, World, & Country",1,50
Boogie,1980,MPB,1,50
Boogie,1980,Funk,1,50
Boogie,1981,Latin,2,50
Boogie,1981,Funk / Soul,50,50
Boogie,1981,Electronic,19,50
Boogie,1981,Pop,2,50
Boogie,1981,Stage & Screen,1,50
Boogie,1981,Hip Hop,5,50
Boogie,1981,Reggae,1,50
Boogie,1981,"Folk, World, & Country",1,50
Boogie,1982,Funk / Soul,50,50
Boogie,1982,Hip Hop,3,50
Boogie,1982,Electronic,15,50
Boogie,1982,Latin,2,50
Boogie,1982,Pop,4,50
Boogie,1982,Reggae,1,50
Boogie,1983,Funk / Soul,48,50
Boogie,1983,Electronic,23,50
Boogie,1983,Pop,4,50
Boogie,1983,Latin,3,50
Boogie,1983,Hip Hop,2,50
Boogie,1983,Rock,2,50
Boogie,1984,Electronic,27,50
Boogie,1984,Funk / Soul,50,50
Boogie,1984,Jazz,2,50
Boogie,1984,Latin,3,50
Boogie,1984,Pop,3,50
Boogie,1984,Hip Hop,1,50
Boogie,1985,Electronic,15,50
Boogie,1985,Jazz,1,50
Boogie,1985,Funk / Soul,49,50
Boogie,1985,Pop,6,50
Boogie,1985,Latin,2,50
Boogie,1985,Rock,1,50
Boogie,1985,"Folk, World, & Country",1,50
Boogie,1985,Stage & Screen,1,50
Boogie,1986,Electronic,20,50
Boogie,1986,Funk / Soul,50,50
Boogie,1986,Latin,2,50
Boogie,1986,Pop,5,50
Boogie,1986,Jazz,2,50
Boogie,1986,Children's,1,50
Boogie,1986,Rock,1,50
Boogie,1987,Funk / Soul,50,50
Boogie,1987,Electronic,5,50
Boogie,1987,Rock,1,50
Boogie,1987,"Folk, World, & Country",1,50
Boogie,1987,Pop,7,50
Boogie,1987,Latin,2,50
Boogie,1987,Reggae,1,50
Boogie,1987,Hip Hop,1,50
Boogie,1988,Funk / Soul,50,50
Boogie,1988,Pop,5,50
Boogie,1988,Electronic,16,50
Boogie,1988,Reggae,2,50
Boogie,1988,Rock,1,50
Boogie,1988,Jazz,1,50
Boogie,1988,Hip Hop,1,50
Boogie,1988,Latin,1,50
Boogie,1989,Funk / Soul,50,50
Boogie,1989,Reggae,2,50
Boogie,1989,Pop,11,50
Boogie,1989,Electronic,12,50
Boogie,1989,Hip Hop,1,50
Boogie,1989,Latin,2,50
Boogie,1989,Children's,1,50
Boogie,1989,Jazz,1,50
Boogie,1990,Electronic,9,50
Boogie,1990,Hip Hop,4,50
Boogie,1990,Reggae,3,50
Boogie,1990,Funk / Soul,40,50
Boogie,1990,Pop,7,50
Boogie,1990,Jazz,6,50
Boogie,1990,Blues,11,50
Boogie,1990,Latin,4,50
Boogie,1990,"Folk, World, & Country",4,50
Boogie,1990,Soul,2,50
Boogie,1990,Boogie Woogie,9,50
Boogie,1990,Axé,2,50
Boogie,1990,Disco,4,50
Boogie,1990,Funk,4,50
Boogie,1990,Kayōkyoku,1,50
Boogie,1990,Zouk,1,50
Boogie,1990,Gospel,5,50
Boogie,1990,Rock,1,50
Boogie,1990,Bubblegum,1,50
Dance-Pop,1970,Ambient,1,1
Dance-Pop,1970,Disco,1,1
Dance-Pop,1970,Dance-pop,1,1
Dance-Pop,1970,Electronic,1,1
Dance-Pop,1971,Dance-pop,5,5
Dance-Pop,1971,Electronic,5,5
Dance-Pop,1971,Pop,1,5
Dance-Pop,1972,Dance-pop,1,1
Dance-Pop,1972,Europop,1,1
Dance-Pop,1972,Easy Listening,1,1
Dance-Pop,1972,Electronic,1,1
Dance-Pop,1972,Pop,1,1
Dance-Pop,1973,Dance-pop,5,5
Dance-Pop,1973,Electronic,5,5
Dance-Pop,1973,Pop,2,5
Dance-Pop,1973,Soundtrack,1,5
Dance-Pop,1973,Ambient,1,5
Dance-Pop,1973,Stage & Screen,1,5
Dance-Pop,1974,Dance-pop,2,2
Dance-Pop,1974,Electronic,1,2
Dance-Pop,1974,Pop,2,2
Dance-Pop,1974,Disco,1,2
Dance-Pop,1974,Glam,1,2
Dance-Pop,1974,Pop Rock,1,2
Dance-Pop,1975,Dance-pop,4,4
Dance-Pop,1975,Disco,4,4
Dance-Pop,1975,Electronic,2,4
Dance-Pop,1975,Funk / Soul,1,4
Dance-Pop,1975,Pop,4,4
Dance-Pop,1975,Europop,1,4
Dance-Pop,1975,Pop Rock,2,4
Dance-Pop,1975,Glam,2,4
Dance-Pop,1975,Rock,2,4
Dance-Pop,1976,Dance-pop,8,8
Dance-Pop,1976,Electronic,6,8
Dance-Pop,1976,Disco,6,8
Dance-Pop,1976,Pop,4,8
Dance-Pop,1976,Funk / Soul,4,8
Dance-Pop,1976,Ballad,1,8
Dance-Pop,1976,Latin,1,8
Dance-Pop,1976,Easy Listening,1,8
Dance-Pop,1976,Jazz,1,8
Dance-Pop,1976,Rhythm & Blues,1,8
Dance-Pop,1976,Pop Rock,1,8
Dance-Pop,1976,Rock,1,8
Dance-Pop,1977,Dance-pop,24,24
Dance-Pop,1977,Electronic,23,24
Dance-Pop,1977,Pop,22,24
Dance-Pop,1977,Funk / Soul,9,24
Dance-Pop,1977,Disco,15,24
Dance-Pop,1977,Classical,2,24
Dance-Pop,1977,Stage & Screen,5,24
Dance-Pop,1977,Pop Rock,6,24
Dance-Pop,1977,Rock,6,24
Dance-Pop,1977,Soundtrack,3,24
Dance-Pop,1977,Schlager,3,24
Dance-Pop,1977,Dansband,1,24
Dance-Pop,1977,Vocal,9,24
Dance-Pop,1977,Reggae,1,24
Dance-Pop,1977,Ballad,7,24
Dance-Pop,1977,Chanson,3,24
Dance-Pop,1977,Art Rock,2,24
Dance-Pop,1977,Ethno-pop,2,24
Dance-Pop,1977,Euro-Disco,1,24
Dance-Pop,1977,Soul,1,24
Dance-Pop,1977,Funk,1,24
Dance-Pop,1977,Europop,2,24
Dance-Pop,1977,Soft Rock,2,24
Dance-Pop,1977,Classic Rock,2,24
Dance-Pop,1978,Dance-pop,26,26
Dance-Pop,1978,Electronic,20,26
Dance-Pop,1978,Jazz,1,26
Dance-Pop,1978,Funk / Soul,7,26
Dance-Pop,1978,Pop,19,26
Dance-Pop,1978,Rock,4,26
Dance-Pop,1978,Disco,16,26
Dance-Pop,1978,Vocal,4,26
Dance-Pop,1978,Europop,4,26
Dance-Pop,1978,Techno,1,26
Dance-Pop,1978,Euro-Disco,2,26
Dance-Pop,1978,Pop Rock,3,26
Dance-Pop,1978,Schlager,2,26
Dance-Pop,1978,Glam,1,26
Dance-Pop,1978,Funk,1,26
Dance-Pop,1978,Rhythm & Blues,1,26
Dance-Pop,1978,Soul,1,26
Dance-Pop,1978,Hi NRG,1,26
Dance-Pop,1978,Synth-pop,1,26
Dance-Pop,1978,Soundtrack,1,26
Dance-Pop,1978,Soft Rock,1,26
Dance-Pop,1978,Ballad,1,26
Dance-Pop,1978,Classic Rock,1,26
Dance-Pop,1978,Stage & Screen,1,26
Dance-Pop,1979,Dance-pop,31,31
Dance-Pop,1979,Electronic,28,31
Dance-Pop,1979,Rock,6,31
Dance-Pop,1979,Funk / Soul,9,31
Dance-Pop,1979,Pop,25,31
Dance-Pop,1979,"Folk, World, & Country",1,31
Dance-Pop,1979,Disco,21,31
Dance-Pop,1979,Electro,1,31
Dance-Pop,1979,Synth-pop,2,31
Dance-Pop,1979,Alternative Rock,1,31
Dance-Pop,1979,Europop,3,31
Dance-Pop,1979,Latin,1,31
Dance-Pop,1979,P.Funk,1,31
Dance-Pop,1979,Art Rock,1,31
Dance-Pop,1979,Vocal,1,31
Dance-Pop,1979,New Wave,2,31
Dance-Pop,1980,Dance-pop,28,28
Dance-Pop,1980,Electronic,24,28
Dance-Pop,1980,Funk / Soul,11,28
Dance-Pop,1980,Pop,18,28
Dance-Pop,1980,Rock,9,28
Dance-Pop,1980,Disco,16,28
Dance-Pop,1980,Stage & Screen,2,28
Dance-Pop,1980,Funk,4,28
Dance-Pop,1980,Latin,3,28
Dance-Pop,1980,Chanson,1,28
Dance-Pop,1980,New Wave,2,28
Dance-Pop,1980,Danzon,1,28
Dance-Pop,1980,Public Broadcast,1,28
Dance-Pop,1980,Art Rock,1,28
Dance-Pop,1980,Europop,1,28
Dance-Pop,1980,Vocal,3,28
Dance-Pop,1980,Italo-Disco,2,28
Dance-Pop,1980,Soul,2,28
Dance-Pop,1980,Synth-pop,5,28
Dance-Pop,1980,Hip Hop,1,28
Dance-Pop,1980,Electro,1,28
Dance-Pop,1980,Children's,1,28
Dance-Pop,1980,Rhythm & Blues,1,28
Dance-Pop,1980,"Folk, World, & Country",4,28
Dance-Pop,1980,Ska,1,28
Dance-Pop,1980,Post-Punk,2,28
Dance-Pop,1980,Hard Rock,2,28
Dance-Pop,1980,Jazz-Rock,2,28
Dance-Pop,1980,Jazz,2,28
Dance-Pop,1980,Pop Rock,1,28
Dance-Pop,1980,Classic Rock,1,28
Dance-Pop,1980,Folk,1,28
Dance-Pop,1980,Country,1,28
Dance-Pop,1981,Dance-pop,50,50
Dance-Pop,1981,Electronic,38,50
Dance-Pop,1981,Rock,10,50
Dance-Pop,1981,Funk / Soul,16,50
Dance-Pop,1981,Pop,32,50
Dance-Pop,1981,Disco,22,50
Dance-Pop,1981,Latin,5,50
Dance-Pop,1981,Boogie,2,50
Dance-Pop,1981,Schlager,1,50
Dance-Pop,1981,Dub,1,50
Dance-Pop,1981,Reggae,1,50
Dance-Pop,1981,Beat,1,50
Dance-Pop,1981,Twist,1,50
Dance-Pop,1981,Synth-pop,8,50
Dance-Pop,1981,Pop Rock,9,50
Dance-Pop,1981,Vocal,6,50
Dance-Pop,1981,Folk,1,50
Dance-Pop,1981,"Folk, World, & Country",1,50
Dance-Pop,1981,Stage & Screen,1,50
Dance-Pop,1981,Novelty,1,50
Dance-Pop,1981,New Wave,3,50
Dance-Pop,1981,Europop,3,50
Dance-Pop,1981,Ballad,5,50
Dance-Pop,1981,Jazz-Funk,1,50
Dance-Pop,1981,Jazz,1,50
Dance-Pop,1981,Euro-Disco,1,50
Dance-Pop,1982,Dance-pop,50,50
Dance-Pop,1982,Electronic,38,50
Dance-Pop,1982,Rock,10,50
Dance-Pop,1982,Pop,37,50
Dance-Pop,1982,Funk / Soul,16,50
Dance-Pop,1982,Leftfield,1,50
Dance-Pop,1982,Disco,9,50
Dance-Pop,1982,Boogie,2,50
Dance-Pop,1982,Europop,3,50
Dance-Pop,1982,Abstract,1,50
Dance-Pop,1982,Latin,3,50
Dance-Pop,1982,Children's,2,50
Dance-Pop,1982,Funk,1,50
Dance-Pop,1982,Vocal,1,50
Dance-Pop,1982,Pop Rap,3,50
Dance-Pop,1982,Synth-pop,3,50
Dance-Pop,1982,Pop Rock,2,50
Dance-Pop,1982,Soul,1,50
Dance-Pop,1982,Downtempo,1,50
Dance-Pop,1982,Ballad,1,50
Dance-Pop,1983,Dance-pop,50,50
Dance-Pop,1983,Electronic,46,50
Dance-Pop,1983,Latin,1,50
Dance-Pop,1983,Pop,36,50
Dance-Pop,1983,Rock,6,50
Dance-Pop,1983,Funk / Soul,7,50
Dance-Pop,1983,Reggae,1,50
Dance-Pop,1983,Children's,1,50
Dance-Pop,1984,Dance-pop,50,50
Dance-Pop,1984,Electronic,46,50
Dance-Pop,1984,Pop,34,50
Dance-Pop,1984,Funk / Soul,6,50
Dance-Pop,1984,Rock,5,50
Dance-Pop,1984,Stage & Screen,1,50
Dance-Pop,1985,Dance-pop,50,50
Dance-Pop,1985,Electronic,47,50
Dance-Pop,1985,Pop,31,50
Dance-Pop,1985,Funk / Soul,9,50
Dance-Pop,1985,Stage & Screen,4,50
Dance-Pop,1985,Latin,1,50
Dance-Pop,1985,Jazz,1,50
Dance-Pop,1985,Rock,1,50
Dance-Pop,1986,Dance-pop,50,50
Dance-Pop,1986,Electronic,47,50
Dance-Pop,1986,Pop,35,50
Dance-Pop,1986,Funk / Soul,14,50
Dance-Pop,1986,Latin,1,50
Dance-Pop,1986,Rock,2,50
Dance-Pop,1987,Dance-pop,50,50
Dance-Pop,1987,Electronic,43,50
Dance-Pop,1987,Pop,33,50
Dance-Pop,1987,Stage & Screen,1,50
Dance-Pop,1987,Funk / Soul,9,50
Dance-Pop,1987,Latin,6,50
Dance-Pop,1988,Dance-pop,50,50
Dance-Pop,1988,Electronic,48,50
Dance-Pop,1988,Rock,3,50
Dance-Pop,1988,Pop,36,50
Dance-Pop,1988,Funk / Soul,2,50
Dance-Pop,1988,"Folk, World, & Country",1,50
Dance-Pop,1988,Hip Hop,2,50
Dance-Pop,1988,Reggae,1,50
Dance-Pop,1989,Dance-pop,50,50
Dance-Pop,1989,Electronic,46,50
Dance-Pop,1989,Pop,33,50
Dance-Pop,1989,Children's,2,50
Dance-Pop,1989,Stage & Screen,1,50
Dance-Pop,1989,Jazz,1,50
Dance-Pop,1989,Latin,5,50
Dance-Pop,1989,"Folk, World, & Country",1,50
Dance-Pop,1989,Funk / Soul,4,50
Dance-Pop,1989,Hip Hop,1,50
Dance-Pop,1989,Rock,1,50
Dance-Pop,1990,Dance-pop,50,50
Dance-Pop,1990,Electronic,47,50
Dance-Pop,1990,"Folk, World, & Country",4,50
Dance-Pop,1990,Pop,31,50
Dance-Pop,1990,Latin,2,50
Dance-Pop,1990,Jazz,1,50
Dance-Pop,1990,Rock,3,50
Dance-Pop,1990,Reggae,1,50
Dance-Pop,1990,Funk / Soul,3,50
Dance-Pop,1990,Hip Hop,2,50
House,1978,Euro House,1,1
House,1978,Electronic,1,1
House,1978,Pop,1,1
House,1982,Garage House,39,42
House,1982,Disco,41,42
House,1982,Electronic,42,42
House,1982,Funk / Soul,33,42
House,1982,Leftfield,3,42
House,1982,Dub,12,42
House,1982,Electro,8,42
House,1982,Acid House,1,42
House,1982,Bhangra,1,42
House,1982,"Folk, World, & Country",1,42
House,1982,Soul,17,42
House,1982,Funk,15,42
House,1982,Downtempo,5,42
House,1982,Italo House,1,42
House,1982,Synth-pop,8,42
House,1982,Modern Classical,1,42
House,1982,Ghetto House,1,42
House,1982,Goth Rock,7,42
House,1982,New Wave,7,42
House,1982,Post-Punk,7,42
House,1982,Power Pop,7,42
House,1982,Reggae,7,42
House,1982,Reggae-Pop,7,42
House,1982,Ska,7,42
House,1982,Vocal,7,42
House,1982,Rock,7,42
House,1982,Pop,7,42
House,1983,Acid House,1,50
House,1983,Electronic,48,50
House,1983,Euro House,3,50
House,1983,Pop,4,50
House,1983,Disco,44,50
House,1983,Funk / Soul,21,50
House,1983,Garage House,43,50
House,1983,Boogie,1,50
House,1983,Hip Hop,2,50
House,1983,Afrobeat,1,50
House,1983,Hip-House,1,50
House,1984,Electronic,50,50
House,1984,Garage House,19,50
House,1984,Electro,8,50
House,1984,Funk / Soul,7,50
House,1984,Disco,12,50
House,1984,Hip-House,3,50
House,1984,Euro House,3,50
House,1984,Electro House,1,50
House,1984,Pop,1,50
House,1984,Freestyle,1,50
House,1984,Funk,1,50
House,1984,Boogie,1,50
House,1985,Electronic,50,50
House,1985,Funk / Soul,1,50
House,1985,Acid House,1,50
House,1985,Deep House,2,50
House,1985,Garage House,1,50
House,1986,Electronic,50,50
House,1986,Pop,1,50
House,1987,Electronic,50,50
House,1987,Pop,1,50
House,1987,Funk / Soul,2,50
House,1988,Electronic,50,50
House,1988,Hip Hop,1,50
House,1988,Pop,4,50
House,1988,Rock,1,50
House,1989,Electronic,50,50
House,1989,Hip Hop,5,50
House,1989,Pop,4,50
House,1989,Latin,2,50
House,1990,Electronic,50,50
House,1990,Hip Hop,7,50
House,1990,Pop,3,50
Techno,1974,Experimental,1,1
Techno,1974,Electronic,1,1
Techno,1975,Ambient,1,1
Techno,1975,Electronic,1,1
Techno,1978,Disco,1,1
Techno,1978,Dance-pop,1,1
Techno,1978,Electronic,1,1
Techno,1978,Pop,1,1
Techno,1979,Experimental,1,1
Techno,1979,New Wave,1,1
Techno,1979,Leftfield,1,1
Techno,1979,Minimal Techno,1,1
Techno,1979,Electronic,1,1
Techno,1979,Rock,1,1
Techno,1980,Electro,1,1
Techno,1980,Minimal,1,1
Techno,1980,Italo-Disco,1,1
Techno,1980,Ambient,1,1
Techno,1980,Synth-pop,1,1
Techno,1980,Electronic,1,1
Techno,1980,Pop,1,1
Techno,1981,Minimal Techno,2,14
Techno,1981,Electronic,14,14
Techno,1981,Electro,4,14
Techno,1981,Synth-pop,5,14
Techno,1981,Experimental,1,14
Techno,1981,Vocal,3,14
Techno,1981,Surf,2,14
Techno,1981,Rock,3,14
Techno,1981,Pop,3,14
Techno,1981,New Wave,2,14
Techno,1981,Industrial,1,14
Techno,1981,Minimal,1,14
Techno,1981,Trance,1,14
Techno,1982,Electronic,14,14
Techno,1982,Pop,6,14
Techno,1982,Electro,4,14
Techno,1982,Minimal Techno,1,14
Techno,1982,Synth-pop,6,14
Techno,1982,Funk / Soul,2,14
Techno,1982,Score,1,14
Techno,1982,Stage & Screen,1,14
Techno,1982,Pop Rock,1,14
Techno,1982,Rock,1,14
Techno,1983,Electronic,18,18
Techno,1983,Pop,7,18
Techno,1983,Disco,2,18
Techno,1983,Rock,2,18
Techno,1983,Funk / Soul,2,18
Techno,1983,Exotica,1,18
Techno,1983,Electro,4,18
Techno,1983,Synth-pop,10,18
Techno,1983,New Age,1,18
Techno,1983,Synthwave,1,18
Techno,1984,Electronic,32,33
Techno,1984,Pop,20,33
Techno,1984,Rock,7,33
Techno,1984,Stage & Screen,5,33
Techno,1984,Soundtrack,3,33
Techno,1984,Ballad,4,33
Techno,1984,Electro,5,33
Techno,1984,Prog Rock,2,33
Techno,1984,New Wave,2,33
Techno,1984,Abstract,2,33
Techno,1984,Breaks,1,33
Techno,1984,Synth-pop,7,33
Techno,1984,Minimal,1,33
Techno,1984,Funk,4,33
Techno,1984,Dancehall,1,33
Techno,1984,Reggae,1,33
Techno,1984,Funk / Soul,4,33
Techno,1984,Italo-Disco,1,33
Techno,1984,House,1,33
Techno,1984,Experimental,1,33
Techno,1984,Dance-pop,3,33
Techno,1984,Latin,6,33
Techno,1984,Parody,1,33
Techno,1984,Speech,1,33
Techno,1984,Blues,1,33
Techno,1984,Non-Music,1,33
Techno,1984,Afrobeat,2,33
Techno,1984,Flamenco,1,33
Techno,1984,Arena Rock,1,33
Techno,1984,Disco,1,33
Techno,1984,Modern Classical,1,33
Techno,1984,Easy Listening,1,33
Techno,1984,Soft Rock,1,33
Techno,1984,Ambient,1,33
Techno,1984,Acoustic,1,33
Techno,1984,Downtempo,1,33
Techno,1984,"Folk, World, & Country",1,33
Techno,1985,Electronic,39,41
Techno,1985,Electro,8,41
Techno,1985,House,1,41
Techno,1985,Disco,4,41
Techno,1985,Hip Hop,2,41
Techno,1985,Cumbia,2,41
Techno,1985,Latin,3,41
Techno,1985,Downtempo,2,41
Techno,1985,Synth-pop,18,41
Techno,1985,Pop,13,41
Techno,1985,Jazz,2,41
Techno,1985,Rock,8,41
Techno,1985,Reggae,1,41
Techno,1985,Funk / Soul,1,41
Techno,1985,Blues,1,41
Techno,1985,Classical,1,41
Techno,1985,Brass & Military,1,41
Techno,1985,"Folk, World, & Country",1,41
Techno,1985,Stage & Screen,2,41
Techno,1985,New Wave,8,41
Techno,1985,Pop Rock,2,41
Techno,1985,Soundtrack,1,41
Techno,1985,Score,1,41
Techno,1985,Europop,2,41
Techno,1985,Minimal,1,41
Techno,1985,Basque Music,1,41
Techno,1985,City Pop,1,41
Techno,1985,Abstract,2,41
Techno,1985,Future Jazz,1,41
Techno,1985,Ambient,2,41
Techno,1985,Experimental,2,41
Techno,1985,Dark Ambient,1,41
Techno,1985,Synthwave,1,41
Techno,1985,Dub Techno,1,41
Techno,1985,Freestyle,1,41
Techno,1985,Industrial,2,41
Techno,1985,Tribal,1,41
Techno,1985,Rhythmic Noise,1,41
Techno,1985,Acid,1,41
Techno,1985,Musique Concrète,1,41
Techno,1986,Electronic,50,50
Techno,1986,Stage & Screen,2,50
Techno,1986,Rock,5,50
Techno,1986,Electro,17,50
Techno,1986,Funk,1,50
Techno,1986,Latin,2,50
Techno,1986,Funk / Soul,1,50
Techno,1986,Italodance,1,50
Techno,1986,Experimental,3,50
Techno,1986,Disco,2,50
Techno,1986,House,5,50
Techno,1986,Rumba,1,50
Techno,1986,Flamenco,1,50
Techno,1986,Pop,8,50
Techno,1986,Pop Rock,2,50
Techno,1986,Synth-pop,13,50
Techno,1986,Industrial,1,50
Techno,1986,Abstract,1,50
Techno,1986,Italo-Disco,1,50
Techno,1986,Classical,1,50
Techno,1986,Children's,1,50
Techno,1986,Hip Hop,1,50
Techno,1986,Funk Metal,1,50
Techno,1986,EBM,1,50
Techno,1987,Electronic,50,50
Techno,1987,Rock,2,50
Techno,1987,Pop,1,50
Techno,1988,Electronic,50,50
Techno,1988,Rock,1,50
Techno,1988,Pop,3,50
Techno,1989,Electronic,50,50
Techno,1989,Latin,1,50
Techno,1989,Pop,1,50
Techno,1989,Hip Hop,1,50
Techno,1990,Electronic,50,50
Techno,1990,Pop,1,50
